Filename,Date,Subject,Status,Notes
january_01.png,January 1,a new year banner,,
january_02.png,January 2,a snowflake,,
january_03.png,January 3,a penguin,,
january_04.png,January 4,mittens,,
january_05.png,January 5,a scarf,,
january_06.png,January 6,a winter hat,,
january_07.png,January 7,a sled,,
january_08.png,January 8,a snowball fight,,
january_09.png,January 9,an igloo,,
january_10.png,January 10,a polar bear,,
january_11.png,January 11,a winter bird,,
january_12.png,January 12,a frosty window,,
january_13.png,January 13,a mug of hot cocoa,,
january_14.png,January 14,an ice skater,,
january_15.png,January 15,a snowy owl,,
january_16.png,January 16,snow clouds,,
january_17.png,January 17,a deer in the snow,,
january_18.png,January 18,a pine tree,,
january_19.png,January 19,a wolf howling,,
january_20.png,January 20,stars in the winter sky,,
january_21.png,January 21,a snow rabbit,,
january_22.png,January 22,snow boots,,
january_23.png,January 23,an arctic fox,,
january_24.png,January 24,a winter moon,,
january_25.png,January 25,ice crystals,,
january_26.png,January 26,a sleeping bear,,
january_27.png,January 27,snowflakes,,
january_28.png,January 28,a cozy cabin,,
january_29.png,January 29,a robin,,
january_30.png,January 30,seeds in the ground,,
january_31.png,January 31,a sunrise,,
february_01.png,February 1,a big red heart,,
february_02.png,February 2,hearts,,
february_03.png,February 3,roses,,
february_04.png,February 4,a Valentine card,,
february_05.png,February 5,a heart wreath,,
february_06.png,February 6,a teddy bear,,
february_07.png,February 7,a mailbox,,
february_08.png,February 8,pink flowers,,
february_09.png,February 9,friendship bracelets,,
february_10.png,February 10,heart balloons,,
february_11.png,February 11,a cupcake,,
february_12.png,February 12,birds sharing a heart,,
february_13.png,February 13,a Valentine tree,,
february_14.png,February 14,a big Valentine heart,,
february_15.png,February 15,a rainbow with hearts,,
february_16.png,February 16,a crown,,
february_17.png,February 17,a love letter,,
february_18.png,February 18,a heart garden,,
february_19.png,February 19,a kindness tree,,
february_20.png,February 20,flowers for a friend,,
february_21.png,February 21,butterflies,,
february_22.png,February 22,love birds,,
february_23.png,February 23,a heart mobile,,
february_24.png,February 24,Valentine cookies,,
february_25.png,February 25,a family portrait,,
february_26.png,February 26,a heart kite,,
february_27.png,February 27,a pink castle,,
february_28.png,February 28,a heart-shaped island,,
march_01.png,March 1,a flower garden,,
march_02.png,March 2,tulips,,
march_03.png,March 3,a butterfly,,
march_04.png,March 4,a rainbow,,
march_05.png,March 5,a sea turtle,,
march_06.png,March 6,spring birds,,
march_07.png,March 7,a beach scene,,
march_08.png,March 8,flowers,,
march_09.png,March 9,a caterpillar,,
march_10.png,March 10,ocean waves,,
march_11.png,March 11,baby chicks,,
march_12.png,March 12,a kite,,
march_13.png,March 13,Holi colors,,
march_14.png,March 14,a bird nest with eggs,,
march_15.png,March 15,a spring tree,,
march_16.png,March 16,fish in the sea,,
march_17.png,March 17,a shamrock,,
march_18.png,March 18,a bunny,,
march_19.png,March 19,waves and sand,,
march_20.png,March 20,tulips,,
march_21.png,March 21,a hula dancer,,
march_22.png,March 22,a Hawaiian sunset,,
march_23.png,March 23,plumeria flowers,,
march_24.png,March 24,a spring picnic,,
march_25.png,March 25,a ladybug,,
march_26.png,March 26,ducks on a pond,,
march_27.png,March 27,a bee and flowers,,
march_28.png,March 28,spring rain and rainbow,,
march_29.png,March 29,baby animals,,
march_30.png,March 30,a garden,,
march_31.png,March 31,a spring scene,,
april_01.png,April 1,Easter eggs,,
april_02.png,April 2,an Easter bunny,,
april_03.png,April 3,baby chicks,,
april_04.png,April 4,an Easter cross,,
april_05.png,April 5,an Easter basket filled with eggs,,
april_06.png,April 6,a baby lamb,,
april_07.png,April 7,tulips,,
april_08.png,April 8,April rain,,
april_09.png,April 9,palm branches,,
april_10.png,April 10,a robin,,
april_11.png,April 11,a butterfly,,
april_12.png,April 12,daisies,,
april_13.png,April 13,a bird nest with eggs,,
april_14.png,April 14,Easter lilies,,
april_15.png,April 15,a spring garden,,
april_16.png,April 16,a frog on a lily pad,,
april_17.png,April 17,a worm in the rain,,
april_18.png,April 18,spring clouds,,
april_19.png,April 19,ducklings,,
april_20.png,April 20,a spring rainbow,,
april_21.png,April 21,a kite,,
april_22.png,April 22,the earth,,
april_23.png,April 23,a bee on a flower,,
april_24.png,April 24,cherry blossoms,,
april_25.png,April 25,a snail,,
april_26.png,April 26,a ladybug,,
april_27.png,April 27,muddy boots,,
april_28.png,April 28,irises,,
april_29.png,April 29,a seedling sprouting,,
april_30.png,April 30,a spring pond,,
may_01.png,May 1,a Mother's Day card,,
may_02.png,May 2,roses,,
may_03.png,May 3,the bright May sun,,
may_04.png,May 4,a mother bird and nest,,
may_05.png,May 5,a bouquet of flowers,,
may_06.png,May 6,a butterfly garden,,
may_07.png,May 7,a flower garden,,
may_08.png,May 8,a honeybee,,
may_09.png,May 9,a mother and child hug,,
may_10.png,May 10,a flower crown,,
may_11.png,May 11,a picnic basket,,
may_12.png,May 12,lily of the valley,,
may_13.png,May 13,a heart made of flowers,,
may_14.png,May 14,a gift for mom,,
may_15.png,May 15,a tree in bloom,,
may_16.png,May 16,a ladybug,,
may_17.png,May 17,a sea turtle,,
may_18.png,May 18,a spring rainbow,,
may_19.png,May 19,daisies in a field,,
may_20.png,May 20,kites in the sky,,
may_21.png,May 21,a caterpillar,,
may_22.png,May 22,fluffy clouds,,
may_23.png,May 23,a snail on a leaf,,
may_24.png,May 24,a frog,,
may_25.png,May 25,a pond with ducks,,
may_26.png,May 26,dandelions,,
may_27.png,May 27,strawberries,,
may_28.png,May 28,a schoolhouse,,
may_29.png,May 29,pencils and crayons,,
may_30.png,May 30,a summer scene,,
may_31.png,May 31,a dragonfly,,
june_01.png,June 1,a beach scene,,
june_02.png,June 2,ocean waves,,
june_03.png,June 3,seashells,,
june_04.png,June 4,a crab,,
june_05.png,June 5,colorful fish,,
june_06.png,June 6,the summer sun,,
june_07.png,June 7,a starfish,,
june_08.png,June 8,a sea turtle,,
june_09.png,June 9,a Hawaiian lei,,
june_10.png,June 10,a hula dancer,,
june_11.png,June 11,plumeria flowers,,
june_12.png,June 12,a Hawaiian rainbow,,
june_13.png,June 13,palm trees,,
june_14.png,June 14,an ice cream cone,,
june_15.png,June 15,a dad turtle wearing a tie with a baby turtle,,
june_16.png,June 16,a dolphin,,
june_17.png,June 17,an ocean sunset,,
june_18.png,June 18,summer clouds,,
june_19.png,June 19,a hand holding a Juneteenth flag,,
june_20.png,June 20,a whale,,
june_21.png,June 21,a pineapple,,
june_22.png,June 22,mangoes,,
june_23.png,June 23,coral reef,,
june_24.png,June 24,tropical flowers,,
june_25.png,June 25,a hermit crab,,
june_26.png,June 26,sandcastles,,
june_27.png,June 27,seagulls,,
june_28.png,June 28,an anchor,,
june_29.png,June 29,a moonfish,,
june_30.png,June 30,an aloha sunset,,
july_01.png,July 1,an American flag,,
july_02.png,July 2,stars,,
july_03.png,July 3,fireworks,,
july_04.png,July 4,a 4th of July scene,,
july_05.png,July 5,a bald eagle,,
july_06.png,July 6,a parade,,
july_07.png,July 7,a watermelon,,
july_08.png,July 8,a summer beach,,
july_09.png,July 9,the hot July sun,,
july_10.png,July 10,big ocean waves,,
july_11.png,July 11,tropical fish,,
july_12.png,July 12,a sea turtle,,
july_13.png,July 13,a jumping dolphin,,
july_14.png,July 14,seashells,,
july_15.png,July 15,a crab on the beach,,
july_16.png,July 16,a turtle eating ice cream,,
july_17.png,July 17,a pineapple,,
july_18.png,July 18,a flower lei,,
july_19.png,July 19,a summer sunset,,
july_20.png,July 20,a sandcastle,,
july_21.png,July 21,a butterfly,,
july_22.png,July 22,a summer garden,,
july_23.png,July 23,sunflowers,,
july_24.png,July 24,corn on the cob,,
july_25.png,July 25,berries,,
july_26.png,July 26,a lemonade stand,,
july_27.png,July 27,kites in a blue sky,,
july_28.png,July 28,summer clouds,,
july_29.png,July 29,water lilies,,
july_30.png,July 30,fireflies at night,,
july_31.png,July 31,a summer fun scene,,
august_01.png,August 1,a backpack,,
august_02.png,August 2,pencils,,
august_03.png,August 3,books,,
august_04.png,August 4,an apple for the teacher,,
august_05.png,August 5,a schoolhouse,,
august_06.png,August 6,a school bus,,
august_07.png,August 7,crayons,,
august_08.png,August 8,a ruler,,
august_09.png,August 9,a last summer beach day,,
august_10.png,August 10,the late summer sun,,
august_11.png,August 11,sunflowers,,
august_12.png,August 12,a cornfield,,
august_13.png,August 13,a butterfly,,
august_14.png,August 14,a dragonfly,,
august_15.png,August 15,a summer garden,,
august_16.png,August 16,fish in a pond,,
august_17.png,August 17,a frog,,
august_18.png,August 18,a watermelon,,
august_19.png,August 19,blueberries,,
august_20.png,August 20,peaches,,
august_21.png,August 21,late summer clouds,,
august_22.png,August 22,first falling leaves,,
august_23.png,August 23,acorns,,
august_24.png,August 24,a spider web with dew,,
august_25.png,August 25,a bee,,
august_26.png,August 26,a grasshopper,,
august_27.png,August 27,school scissors,,
august_28.png,August 28,a glue stick,,
august_29.png,August 29,a notebook,,
august_30.png,August 30,friends at school,,
august_31.png,August 31,a summer memory,,
september_01.png,September 1,autumn leaves,,
september_02.png,September 2,acorns,,
september_03.png,September 3,apples on a tree,,
september_04.png,September 4,a school scene,,
september_05.png,September 5,a school bus,,
september_06.png,September 6,pencils and paper,,
september_07.png,September 7,a squirrel with a nut,,
september_08.png,September 8,mushrooms,,
september_09.png,September 9,pears,,
september_10.png,September 10,a harvest basket,,
september_11.png,September 11,corn,,
september_12.png,September 12,a spider and web,,
september_13.png,September 13,an owl on a branch,,
september_14.png,September 14,sunflowers,,
september_15.png,September 15,pumpkins,,
september_16.png,September 16,an autumn tree,,
september_17.png,September 17,grapes,,
september_18.png,September 18,a foggy morning,,
september_19.png,September 19,a deer in the forest,,
september_20.png,September 20,berries on a branch,,
september_21.png,September 21,a bat at dusk,,
september_22.png,September 22,a hayride,,
september_23.png,September 23,a maple leaf,,
september_24.png,September 24,pinecones,,
september_25.png,September 25,gourds,,
september_26.png,September 26,a red wagon of apples,,
september_27.png,September 27,a scarecrow,,
september_28.png,September 28,a harvest moon,,
september_29.png,September 29,a crow on a fence,,
september_30.png,September 30,an autumn scene,,
october_01.png,October 1,a pumpkin,,
october_02.png,October 2,stars,,
october_03.png,October 3,autumn leaves,,
october_04.png,October 4,a haystack,,
october_05.png,October 5,an owl,,
october_06.png,October 6,an apple tree,,
october_07.png,October 7,a scarecrow,,
october_08.png,October 8,a moon,,
october_09.png,October 9,corn,,
october_10.png,October 10,an autumn forest,,
october_11.png,October 11,a bat,,
october_12.png,October 12,a spider web,,
october_13.png,October 13,a harvest basket,,
october_14.png,October 14,a diya lamp,,
october_15.png,October 15,Diwali lanterns,,
october_16.png,October 16,a Rangoli pattern,,
october_17.png,October 17,a peacock,,
october_18.png,October 18,fireworks,,
october_19.png,October 19,a Ramayana scene,,
october_20.png,October 20,Diwali sweets,,
october_21.png,October 21,diyas,,
october_22.png,October 22,a unicorn,,
october_23.png,October 23,a decorated elephant,,
october_24.png,October 24,a pumpkin patch,,
october_25.png,October 25,a Jack-o-lantern,,
october_26.png,October 26,a witch hat,,
october_27.png,October 27,candy corn,,
october_28.png,October 28,a ghost,,
october_29.png,October 29,an autumn tree,,
october_30.png,October 30,a Halloween scene,,
october_31.png,October 31,a Halloween night sky,,
november_01.png,November 1,a turkey,,
november_02.png,November 2,falling leaves,,
november_03.png,November 3,All Saints Day scene,,
november_04.png,November 4,a thankful heart,,
november_05.png,November 5,acorns and leaves,,
november_06.png,November 6,a pumpkin pie,,
november_07.png,November 7,Indian corn,,
november_08.png,November 8,a harvest table,,
november_09.png,November 9,a deer in autumn,,
november_10.png,November 10,a Thanksgiving candle,,
november_11.png,November 11,a flag for Veterans Day,,
november_12.png,November 12,an owl in the leaves,,
november_13.png,November 13,an apple pie,,
november_14.png,November 14,a squirrel gathering nuts,,
november_15.png,November 15,a pumpkin,,
november_16.png,November 16,pinecones,,
november_17.png,November 17,a loaf of bread,,
november_18.png,November 18,a family together,,
november_19.png,November 19,a maple tree,,
november_20.png,November 20,a Thanksgiving feast,,
november_21.png,November 21,a Pilgrim hat,,
november_22.png,November 22,a cornucopia,,
november_23.png,November 23,a covered wagon,,
november_24.png,November 24,a Native American scene,,
november_25.png,November 25,an autumn forest,,
november_26.png,November 26,a star of gratitude,,
november_27.png,November 27,a Thanksgiving scene,,
november_28.png,November 28,a bare winter tree,,
november_29.png,November 29,an Advent wreath,,
november_30.png,November 30,a candle of hope,,
december_01.png,December 1,a Christmas tree,,
december_02.png,December 2,a star,,
december_03.png,December 3,an angel,,
december_04.png,December 4,a candle,,
december_05.png,December 5,a bell,,
december_06.png,December 6,a wreath,,
december_07.png,December 7,a stocking,,
december_08.png,December 8,a snowflake,,
december_09.png,December 9,a snowman,,
december_10.png,December 10,a starry sky,,
december_11.png,December 11,a gingerbread house,,
december_12.png,December 12,a reindeer,,
december_13.png,December 13,the manger scene,,
december_14.png,December 14,a gift,,
december_15.png,December 15,a candy cane,,
december_16.png,December 16,a dove,,
december_17.png,December 17,a shepherd and sheep,,
december_18.png,December 18,Christmas cookies,,
december_19.png,December 19,the star of Bethlehem,,
december_20.png,December 20,a sleigh,,
december_21.png,December 21,the three wise men,,
december_22.png,December 22,holly berries,,
december_23.png,December 23,baby Jesus,,
december_24.png,December 24,a Christmas Eve sky,,
december_25.png,December 25,the nativity,,
december_26.png,December 26,a winter bird,,
december_27.png,December 27,a snowy village,,
december_28.png,December 28,fireworks,,
december_29.png,December 29,a Christmas scene,,
december_30.png,December 30,a New Year's scene,,
december_31.png,December 31,a peace dove,,
